{"frames": [

{
	"filename": "background.png",
	"frame": {"x":0,"y":0,"w":1600,"h":640},
	"rotated": false,
	"trimmed": false,
	"spriteSourceSize": {"x":0,"y":0,"w":1600,"h":640},
	"sourceSize": {"w":1600,"h":640}
},
{
	"filename": "lobby.png",
	"frame": {"x":0,"y":640,"w":1600,"h":640},
	"rotated": false,
	"trimmed": false,
	"spriteSourceSize": {"x":0,"y":0,"w":1600,"h":640},
	"sourceSize": {"w":1600,"h":640}
},
{
	"filename": "splash.png",
	"frame": {"x":0,"y":1280,"w":1600,"h":640},
	"rotated": false,
	"trimmed": false,
	"spriteSourceSize": {"x":0,"y":0,"w":1600,"h":640},
	"sourceSize": {"w":1600,"h":640}
}],
"meta": {
	"app": "https://www.codeandweb.com/texturepacker",
	"version": "1.0",
	"image": "texture_atlas_2.jpg",
	"format": "RGB888",
	"size": {"w":2048,"h":2048},
	"scale": "1",
	"smartupdate": "$TexturePacker:SmartUpdate:a6b5342a9a44f1381dae0f50b46dbf71:35958778c5da2dacd204d505adade3e3:b387b5a6893c13272d95806bc68fd159$"
}
}
